{"train/loss_value": 33.447425842285156, "_runtime": 27, "_timestamp": 1644299174, "_step": 83, "train/cardinality_error_unscaled_unweighted": 1.0, "train/cardinality_error_0_unscaled_unweighted": 1.0, "train/cardinality_error_1_unscaled_unweighted": 1.0, "train/cardinality_error_2_unscaled_unweighted": 1.0, "train/cardinality_error_3_unscaled_unweighted": 1.0, "train/cardinality_error_4_unscaled_unweighted": 1.0, "train/class_error_unscaled_unweighted": 100.0, "train/loss_bbox_unscaled_unweighted": 0.6808362007141113, "train/loss_bbox_0_unscaled_unweighted": 0.687189519405365, "train/loss_bbox_1_unscaled_unweighted": 0.672285795211792, "train/loss_bbox_2_unscaled_unweighted": 0.689394474029541, "train/loss_bbox_3_unscaled_unweighted": 0.6814241409301758, "train/loss_bbox_4_unscaled_unweighted": 0.701224148273468, "train/loss_ce_unscaled_unweighted": 0.6506757140159607, "train/loss_ce_0_unscaled_unweighted": 0.6532957553863525, "train/loss_ce_1_unscaled_unweighted": 0.6393006443977356, "train/loss_ce_2_unscaled_unweighted": 0.664946436882019, "train/loss_ce_3_unscaled_unweighted": 0.6388400793075562, "train/loss_ce_4_unscaled_unweighted": 0.6402063369750977, "train/loss_giou_unscaled_unweighted": 0.7534793019294739, "train/loss_giou_0_unscaled_unweighted": 0.7576301097869873, "train/loss_giou_1_unscaled_unweighted": 0.7429735064506531, "train/loss_giou_2_unscaled_unweighted": 0.7325314283370972, "train/loss_giou_3_unscaled_unweighted": 0.7426287531852722, "train/loss_giou_4_unscaled_unweighted": 0.7699520587921143, "train/loss_bbox_weighted": 3.4041810035705566, "train/loss_bbox_0_weighted": 3.4359476566314697, "train/loss_bbox_1_weighted": 3.36142897605896, "train/loss_bbox_2_weighted": 3.446972370147705, "train/loss_bbox_3_weighted": 3.407120704650879, "train/loss_bbox_4_weighted": 3.5061206817626953, "train/loss_ce_weighted": 0.6506757140159607, "train/loss_ce_0_weighted": 0.6532957553863525, "train/loss_ce_1_weighted": 0.6393006443977356, "train/loss_ce_2_weighted": 0.664946436882019, "train/loss_ce_3_weighted": 0.6388400793075562, "train/loss_ce_4_weighted": 0.6402063369750977, "train/loss_giou_weighted": 1.5069586038589478, "train/loss_giou_0_weighted": 1.5152602195739746, "train/loss_giou_1_weighted": 1.4859470129013062, "train/loss_giou_2_weighted": 1.4650628566741943, "train/loss_giou_3_weighted": 1.4852575063705444, "train/loss_giou_4_weighted": 1.5399041175842285, "epoch": 0, "_wandb": {"runtime": 29}}