{"train/loss_value": 14.464599609375, "_runtime": 1507, "_timestamp": 1644297425, "_step": 8399, "train/loss_ce_unscaled_unweighted": 0.5983642339706421, "train/class_error_unscaled_unweighted": 100.0, "train/loss_bbox_unscaled_unweighted": 0.2384794056415558, "train/loss_giou_unscaled_unweighted": 0.2771918475627899, "train/cardinality_error_unscaled_unweighted": 1.0, "train/loss_ce_0_unscaled_unweighted": 0.590024471282959, "train/loss_bbox_0_unscaled_unweighted": 0.26863014698028564, "train/loss_giou_0_unscaled_unweighted": 0.2838398218154907, "train/cardinality_error_0_unscaled_unweighted": 1.0, "train/loss_ce_1_unscaled_unweighted": 0.5966539978981018, "train/loss_bbox_1_unscaled_unweighted": 0.2919684648513794, "train/loss_giou_1_unscaled_unweighted": 0.2875799238681793, "train/cardinality_error_1_unscaled_unweighted": 1.0, "train/loss_ce_2_unscaled_unweighted": 0.6165065169334412, "train/loss_bbox_2_unscaled_unweighted": 0.21302038431167603, "train/loss_giou_2_unscaled_unweighted": 0.3469999134540558, "train/cardinality_error_2_unscaled_unweighted": 1.0, "train/loss_ce_3_unscaled_unweighted": 0.6125454902648926, "train/loss_bbox_3_unscaled_unweighted": 0.2146250307559967, "train/loss_giou_3_unscaled_unweighted": 0.2345857322216034, "train/cardinality_error_3_unscaled_unweighted": 1.0, "train/loss_ce_4_unscaled_unweighted": 0.6321914792060852, "train/loss_bbox_4_unscaled_unweighted": 0.25926852226257324, "train/loss_giou_4_unscaled_unweighted": 0.26397982239723206, "train/cardinality_error_4_unscaled_unweighted": 1.0, "train/loss_ce_weighted": 0.5983642339706421, "train/loss_bbox_weighted": 1.1923969984054565, "train/loss_giou_weighted": 0.5543836951255798, "train/loss_ce_0_weighted": 0.590024471282959, "train/loss_bbox_0_weighted": 1.3431507349014282, "train/loss_giou_0_weighted": 0.5676796436309814, "train/loss_ce_1_weighted": 0.5966539978981018, "train/loss_bbox_1_weighted": 1.459842324256897, "train/loss_giou_1_weighted": 0.5751598477363586, "train/loss_ce_2_weighted": 0.6165065169334412, "train/loss_bbox_2_weighted": 1.0651018619537354, "train/loss_giou_2_weighted": 0.6939998269081116, "train/loss_ce_3_weighted": 0.6125454902648926, "train/loss_bbox_3_weighted": 1.0731251239776611, "train/loss_giou_3_weighted": 0.4691714644432068, "train/loss_ce_4_weighted": 0.6321914792060852, "train/loss_bbox_4_weighted": 1.2963426113128662, "train/loss_giou_4_weighted": 0.5279596447944641, "val/map": 0.0, "val/map_50": 0.0, "val/map_75": 0.0, "val/map_small": 0.0, "val/map_medium": 0.0, "val/map_large": 0.0, "val/mar_1": 0.0, "val/mar_10": 0.0, "val/mar_100": 0.0, "val/mar_small": 0.0, "val/mar_medium": 0.0, "val/mar_large": 0.0}