{"train/loss_value": 15.847167015075684, "_runtime": 1535, "_timestamp": 1644299069, "_step": 11804, "train/loss_ce_unscaled_unweighted": 0.660904586315155, "train/class_error_unscaled_unweighted": 100.0, "train/loss_bbox_unscaled_unweighted": 0.1447688192129135, "train/loss_giou_unscaled_unweighted": 0.20405694842338562, "train/cardinality_error_unscaled_unweighted": 1.0, "train/loss_ce_0_unscaled_unweighted": 0.5764895081520081, "train/loss_bbox_0_unscaled_unweighted": 0.305791974067688, "train/loss_giou_0_unscaled_unweighted": 0.5190098285675049, "train/cardinality_error_0_unscaled_unweighted": 1.0, "train/loss_ce_1_unscaled_unweighted": 0.6448874473571777, "train/loss_bbox_1_unscaled_unweighted": 0.2553672790527344, "train/loss_giou_1_unscaled_unweighted": 0.5836492776870728, "train/cardinality_error_1_unscaled_unweighted": 1.0, "train/loss_ce_2_unscaled_unweighted": 0.6357955932617188, "train/loss_bbox_2_unscaled_unweighted": 0.1612847000360489, "train/loss_giou_2_unscaled_unweighted": 0.2754350006580353, "train/cardinality_error_2_unscaled_unweighted": 1.0, "train/loss_ce_3_unscaled_unweighted": 0.6633073687553406, "train/loss_bbox_3_unscaled_unweighted": 0.2454262524843216, "train/loss_giou_3_unscaled_unweighted": 0.3881102502346039, "train/cardinality_error_3_unscaled_unweighted": 1.0, "train/loss_ce_4_unscaled_unweighted": 0.6362943053245544, "train/loss_bbox_4_unscaled_unweighted": 0.3049415946006775, "train/loss_giou_4_unscaled_unweighted": 0.5005316138267517, "train/cardinality_error_4_unscaled_unweighted": 1.0, "train/loss_ce_weighted": 0.660904586315155, "train/loss_bbox_weighted": 0.7238441109657288, "train/loss_giou_weighted": 0.40811389684677124, "train/loss_ce_0_weighted": 0.5764895081520081, "train/loss_bbox_0_weighted": 1.52895987033844, "train/loss_giou_0_weighted": 1.0380196571350098, "train/loss_ce_1_weighted": 0.6448874473571777, "train/loss_bbox_1_weighted": 1.2768363952636719, "train/loss_giou_1_weighted": 1.1672985553741455, "train/loss_ce_2_weighted": 0.6357955932617188, "train/loss_bbox_2_weighted": 0.8064234852790833, "train/loss_giou_2_weighted": 0.5508700013160706, "train/loss_ce_3_weighted": 0.6633073687553406, "train/loss_bbox_3_weighted": 1.2271312475204468, "train/loss_giou_3_weighted": 0.7762205004692078, "train/loss_ce_4_weighted": 0.6362943053245544, "train/loss_bbox_4_weighted": 1.5247080326080322, "train/loss_giou_4_weighted": 1.0010632276535034, "val/map": 0.0, "val/map_50": 0.0, "val/map_75": 0.0, "val/map_small": 0.0, "val/map_medium": 0.0, "val/map_large": 0.0, "val/mar_1": 0.0, "val/mar_10": 0.0, "val/mar_100": 0.0, "val/mar_small": 0.0, "val/mar_medium": 0.0, "val/mar_large": 0.0}