{"train/loss_value": 49.74842834472656, "_runtime": 23, "_timestamp": 1644299428, "_step": 3, "train/cardinality_error_unscaled_unweighted": 97.5, "train/cardinality_error_0_unscaled_unweighted": 97.0, "train/cardinality_error_1_unscaled_unweighted": 90.5, "train/cardinality_error_2_unscaled_unweighted": 98.0, "train/cardinality_error_3_unscaled_unweighted": 95.5, "train/cardinality_error_4_unscaled_unweighted": 97.75, "train/class_error_unscaled_unweighted": 100.0, "train/loss_bbox_unscaled_unweighted": 0.6796611547470093, "train/loss_bbox_0_unscaled_unweighted": 0.7128887176513672, "train/loss_bbox_1_unscaled_unweighted": 0.693185031414032, "train/loss_bbox_2_unscaled_unweighted": 0.6847143173217773, "train/loss_bbox_3_unscaled_unweighted": 0.7129998207092285, "train/loss_bbox_4_unscaled_unweighted": 0.6875417828559875, "train/loss_ce_unscaled_unweighted": 3.637082099914551, "train/loss_ce_0_unscaled_unweighted": 3.435372829437256, "train/loss_ce_1_unscaled_unweighted": 3.108107566833496, "train/loss_ce_2_unscaled_unweighted": 3.408527374267578, "train/loss_ce_3_unscaled_unweighted": 3.44478178024292, "train/loss_ce_4_unscaled_unweighted": 3.792189598083496, "train/loss_giou_unscaled_unweighted": 0.6648719906806946, "train/loss_giou_0_unscaled_unweighted": 0.6890517473220825, "train/loss_giou_1_unscaled_unweighted": 0.684150755405426, "train/loss_giou_2_unscaled_unweighted": 0.6631588935852051, "train/loss_giou_3_unscaled_unweighted": 0.6789954304695129, "train/loss_giou_4_unscaled_unweighted": 0.6534791588783264, "train/loss_bbox_weighted": 3.398305892944336, "train/loss_bbox_0_weighted": 3.564443588256836, "train/loss_bbox_1_weighted": 3.4659252166748047, "train/loss_bbox_2_weighted": 3.4235715866088867, "train/loss_bbox_3_weighted": 3.5649991035461426, "train/loss_bbox_4_weighted": 3.437708854675293, "train/loss_ce_weighted": 3.637082099914551, "train/loss_ce_0_weighted": 3.435372829437256, "train/loss_ce_1_weighted": 3.108107566833496, "train/loss_ce_2_weighted": 3.408527374267578, "train/loss_ce_3_weighted": 3.44478178024292, "train/loss_ce_4_weighted": 3.792189598083496, "train/loss_giou_weighted": 1.3297439813613892, "train/loss_giou_0_weighted": 1.378103494644165, "train/loss_giou_1_weighted": 1.368301510810852, "train/loss_giou_2_weighted": 1.3263177871704102, "train/loss_giou_3_weighted": 1.3579908609390259, "train/loss_giou_4_weighted": 1.3069583177566528, "epoch": 0}