{"train/loss_value": 32.22765350341797, "_runtime": 36, "_timestamp": 1644299117, "_step": 207, "train/loss_ce_unscaled_unweighted": 1.05435049533844, "train/class_error_unscaled_unweighted": 100.0, "train/loss_bbox_unscaled_unweighted": 0.552843451499939, "train/loss_giou_unscaled_unweighted": 0.8019472360610962, "train/cardinality_error_unscaled_unweighted": 2.0, "train/loss_ce_0_unscaled_unweighted": 1.0026566982269287, "train/loss_bbox_0_unscaled_unweighted": 0.5417796969413757, "train/loss_giou_0_unscaled_unweighted": 0.7798320055007935, "train/cardinality_error_0_unscaled_unweighted": 2.0, "train/loss_ce_1_unscaled_unweighted": 0.9924883842468262, "train/loss_bbox_1_unscaled_unweighted": 0.5567082166671753, "train/loss_giou_1_unscaled_unweighted": 0.7876787185668945, "train/cardinality_error_1_unscaled_unweighted": 2.0, "train/loss_ce_2_unscaled_unweighted": 1.0281364917755127, "train/loss_bbox_2_unscaled_unweighted": 0.5695194602012634, "train/loss_giou_2_unscaled_unweighted": 0.798698902130127, "train/cardinality_error_2_unscaled_unweighted": 2.0, "train/loss_ce_3_unscaled_unweighted": 1.0054981708526611, "train/loss_bbox_3_unscaled_unweighted": 0.5454846024513245, "train/loss_giou_3_unscaled_unweighted": 0.7937648892402649, "train/cardinality_error_3_unscaled_unweighted": 2.0, "train/loss_ce_4_unscaled_unweighted": 1.0201468467712402, "train/loss_bbox_4_unscaled_unweighted": 0.558585524559021, "train/loss_giou_4_unscaled_unweighted": 0.7879629135131836, "train/cardinality_error_4_unscaled_unweighted": 2.0, "train/loss_ce_weighted": 1.05435049533844, "train/loss_bbox_weighted": 2.7642173767089844, "train/loss_giou_weighted": 1.6038944721221924, "train/loss_ce_0_weighted": 1.0026566982269287, "train/loss_bbox_0_weighted": 2.7088985443115234, "train/loss_giou_0_weighted": 1.559664011001587, "train/loss_ce_1_weighted": 0.9924883842468262, "train/loss_bbox_1_weighted": 2.783541202545166, "train/loss_giou_1_weighted": 1.575357437133789, "train/loss_ce_2_weighted": 1.0281364917755127, "train/loss_bbox_2_weighted": 2.847597360610962, "train/loss_giou_2_weighted": 1.597397804260254, "train/loss_ce_3_weighted": 1.0054981708526611, "train/loss_bbox_3_weighted": 2.7274229526519775, "train/loss_giou_3_weighted": 1.5875297784805298, "train/loss_ce_4_weighted": 1.0201468467712402, "train/loss_bbox_4_weighted": 2.7929277420043945, "train/loss_giou_4_weighted": 1.5759258270263672, "epoch": 0}