{"train/loss_value": 18.90390396118164, "_runtime": 732, "_timestamp": 1644300223, "_step": 6495, "train/cardinality_error_unscaled_unweighted": 1.5, "train/cardinality_error_0_unscaled_unweighted": 1.5, "train/cardinality_error_1_unscaled_unweighted": 1.5, "train/cardinality_error_2_unscaled_unweighted": 1.5, "train/cardinality_error_3_unscaled_unweighted": 1.5, "train/cardinality_error_4_unscaled_unweighted": 1.5, "train/class_error_unscaled_unweighted": 100.0, "train/loss_bbox_unscaled_unweighted": 0.22529487311840057, "train/loss_bbox_0_unscaled_unweighted": 0.2687493562698364, "train/loss_bbox_1_unscaled_unweighted": 0.3067392110824585, "train/loss_bbox_2_unscaled_unweighted": 0.23888258635997772, "train/loss_bbox_3_unscaled_unweighted": 0.2229459583759308, "train/loss_bbox_4_unscaled_unweighted": 0.2510758638381958, "train/loss_ce_unscaled_unweighted": 0.7883399128913879, "train/loss_ce_0_unscaled_unweighted": 0.8431978821754456, "train/loss_ce_1_unscaled_unweighted": 0.8256983160972595, "train/loss_ce_2_unscaled_unweighted": 0.7550456523895264, "train/loss_ce_3_unscaled_unweighted": 0.8002363443374634, "train/loss_ce_4_unscaled_unweighted": 0.8288768529891968, "train/loss_giou_unscaled_unweighted": 0.48893123865127563, "train/loss_giou_0_unscaled_unweighted": 0.5787908434867859, "train/loss_giou_1_unscaled_unweighted": 0.5732629299163818, "train/loss_giou_2_unscaled_unweighted": 0.5455684065818787, "train/loss_giou_3_unscaled_unweighted": 0.5029307007789612, "train/loss_giou_4_unscaled_unweighted": 0.5575517416000366, "train/loss_bbox_weighted": 1.126474380493164, "train/loss_bbox_0_weighted": 1.3437467813491821, "train/loss_bbox_1_weighted": 1.5336960554122925, "train/loss_bbox_2_weighted": 1.1944129467010498, "train/loss_bbox_3_weighted": 1.1147297620773315, "train/loss_bbox_4_weighted": 1.255379319190979, "train/loss_ce_weighted": 0.7883399128913879, "train/loss_ce_0_weighted": 0.8431978821754456, "train/loss_ce_1_weighted": 0.8256983160972595, "train/loss_ce_2_weighted": 0.7550456523895264, "train/loss_ce_3_weighted": 0.8002363443374634, "train/loss_ce_4_weighted": 0.8288768529891968, "train/loss_giou_weighted": 0.9778624773025513, "train/loss_giou_0_weighted": 1.1575816869735718, "train/loss_giou_1_weighted": 1.1465258598327637, "train/loss_giou_2_weighted": 1.0911368131637573, "train/loss_giou_3_weighted": 1.0058614015579224, "train/loss_giou_4_weighted": 1.1151034832000732, "epoch": 12, "val/map": 3.6143030766618186e-06, "val/map_50": 2.538801911043818e-05, "val/map_75": 0.0, "val/map_small": 0.0, "val/map_medium": 0.0, "val/map_large": 4.943919045578584e-06, "val/mar_1": 0.0002476689976689977, "val/mar_10": 0.0003205128205128205, "val/mar_100": 0.0003205128205128205, "val/mar_small": 0.0, "val/mar_medium": 0.0, "val/mar_large": 0.00040899795501022495, "_wandb": {"runtime": 733}}